Index,a,b,c,Min_Capacity,Max_Capacity
1,0.1524,38.53973,756.79886,10,125
2,0.10587,46.15916,451.32513,10,150
3,0.02803,40.39655,1049.9977,35,225
4,0.03546,38.30553,1243.5311,35,210
5,0.02111,36.32782,1658.5596,130,325
6,0.01799,38.27041,1356.6592,125,315
